{
  "D2_Bay_10": 0.8690353631973267,
  "D2_Bay_11": 0.8711771965026855,
  "D2_Bay_12": 0.8848570585250854,
  "D2_Bay_13": 0.8747252821922302,
  "D2_Bay_14": 0.8702907562255859,
  "D2_Bay_15": 0.8545214533805847,
  "D2_Bay_16": 0.8430554866790771,
  "D2_Bay_17": 0.7522920966148376,
  "D2_Bay_18": 0.4948351979255676,
  "D2_Bay_1": 0.6789437532424927,
  "D2_Bay_2": 0.8185807466506958,
  "D2_Bay_3": 0.8609433770179749,
  "D2_Bay_4": 0.85841965675354,
  "D2_Bay_5": 0.8598530292510986,
  "D2_Bay_6": 0.8591362237930298,
  "D2_Bay_7": 0.8656793832778931,
  "D2_Bay_8": 0.8747750520706177,
  "D2_Bay_9": 0.8710179328918457,
  "wash_a": 0.6682822108268738
}