{
  "D2_Bay_10": 0.8357985019683838,
  "D2_Bay_11": 0.8378943800926208,
  "D2_Bay_12": 0.8455773591995239,
  "D2_Bay_13": 0.8323220014572144,
  "D2_Bay_14": 0.8162957429885864,
  "D2_Bay_15": 0.7709647417068481,
  "D2_Bay_16": 0.6784014105796814,
  "D2_Bay_17": 0.5028671026229858,
  "D2_Bay_18": 0.3226223886013031,
  "D2_Bay_1": 0.6147201061248779,
  "D2_Bay_2": 0.7623990178108215,
  "D2_Bay_3": 0.817844033241272,
  "D2_Bay_4": 0.8201355338096619,
  "D2_Bay_5": 0.8307430148124695,
  "D2_Bay_6": 0.8351916670799255,
  "D2_Bay_7": 0.8406988978385925,
  "D2_Bay_8": 0.8479818105697632,
  "D2_Bay_9": 0.8388388156890869,
  "wash_a": 0.6827206611633301
}